class,prediction_date,average_rv,average_rv_%,mae,me,mae_market,me_market,count,error_count
overall,2021-01,20615.90,51.42,3576.81,2071.95,3729.67,2360.62,5861,0
overall,2021-02,20633.39,51.09,3654.14,2335.00,3797.95,2648.16,5466,0
overall,2021-03,20669.87,50.87,3733.65,2612.25,3931.27,2911.72,5100,0
overall,2021-04,20924.06,51.31,3652.39,2609.33,4040.20,3142.14,4793,0
overall,2021-05,21096.13,51.51,3697.93,2754.72,4142.34,3374.19,4472,0
overall,2021-06,21405.67,51.94,3752.86,2783.18,4305.75,3662.23,4167,0
overall,2021-07,21682.14,52.23,3830.15,2845.33,4496.71,3943.73,3789,0
overall,2021-08,22061.48,52.77,3821.90,2687.39,4627.71,4105.91,3398,0
overall,2021-09,22337.20,53.55,3748.37,2397.42,4631.87,4147.35,3258,0
overall,2021-10,22799.00,54.47,3720.12,2026.98,4666.24,4211.51,2903,0
overall,2021-11,23133.70,55.52,3717.48,1572.24,4667.97,4191.85,2657,0
overall,2021-12,23346.54,56.22,3667.05,1190.95,4609.67,4121.44,2510,0
overall,2022-01,23682.68,57.20,3720.10,751.25,4548.81,4037.99,2370,0
overall,2022-02,24095.60,58.15,3762.27,310.70,4517.30,3985.92,2234,0
overall,2022-03,24132.20,58.43,3708.54,27.52,4409.89,3855.95,2010,0
overall,2022-04,24114.54,58.20,3571.79,32.21,4382.28,3801.51,1749,0
overall,2022-05,23904.40,57.58,3489.42,247.90,4376.51,3780.58,1611,0
overall,2022-06,23713.32,57.62,3413.96,135.76,4208.77,3569.11,1366,0
overall,2022-07,23821.79,58.39,3397.99,-90.92,4121.16,3400.57,1087,0
overall,2022-08,24225.43,60.07,3461.01,-826.98,3988.68,3214.57,981,0
overall,2022-09,24727.07,61.46,3574.64,-1360.28,3982.23,3196.26,951,0
overall,2022-10,24618.54,61.15,3650.13,-1965.64,3593.87,2531.02,600,0
overall,2022-11,25007.58,58.89,3468.95,-1586.39,3723.86,2333.67,306,0
overall,2022-12,29750.06,61.61,3440.18,407.19,5864.04,5184.78,40,0
A,overall,17321.43,58.69,3130.21,1824.97,3830.77,3664.87,13202,0
AMG GT,overall,84346.32,51.12,21544.86,21013.75,35090.94,35090.94,32,0
B,overall,17413.34,55.04,3116.53,1817.65,2958.71,2396.98,4572,0
C,overall,20152.97,50.07,3195.62,1341.12,3228.75,2334.58,18596,0
CLA,overall,19055.30,55.71,3521.21,991.35,4110.48,3619.02,6147,0
CLS,overall,38002.79,47.15,11091.35,10472.39,15157.04,15157.04,121,0
E,overall,26752.16,48.19,4105.53,2178.29,3721.98,1609.21,10143,0
G,overall,76129.12,55.38,44785.48,44785.48,55359.46,55359.46,15,0
GLA,overall,20153.56,58.92,3759.45,2663.29,5271.80,5204.21,2199,0
GLB,overall,27668.12,67.09,6140.51,5733.79,10141.84,10141.84,281,0
GLC,overall,31347.61,58.62,3918.67,1300.92,6636.59,6288.38,6846,0
GLE,overall,39332.41,52.29,10736.32,6802.59,11727.05,11397.82,1304,0
GLS,overall,45730.79,53.75,8875.73,6804.29,16321.09,16026.30,34,0
S,overall,44129.04,42.20,13344.32,7146.52,17534.26,16785.55,159,0
SLC,overall,28469.30,67.17,3722.57,-318.45,11515.69,11515.69,28,0
A,2021-01,15865.86,55.15,3340.83,2459.45,3235.81,2883.16,1236,0
A,2021-02,15764.84,54.66,3416.71,2695.69,3342.56,3098.77,1151,0
A,2021-03,15820.90,54.70,3494.49,2772.34,3476.55,3263.85,1072,0
A,2021-04,16385.93,56.36,3075.86,2342.14,3577.72,3415.23,1003,0
A,2021-05,16635.06,57.11,3070.56,2252.60,3720.86,3600.54,935,0
A,2021-06,16839.95,57.50,3105.43,2323.53,3955.11,3863.10,866,0
A,2021-07,17014.87,57.67,3238.59,2385.03,4202.34,4104.19,768,0
A,2021-08,17046.03,57.45,3333.22,2493.42,4448.99,4340.13,653,0
A,2021-09,17303.48,58.24,3301.21,2314.96,4469.49,4359.29,624,0
A,2021-10,17600.53,58.73,3293.94,2215.29,4500.93,4385.13,563,0
A,2021-11,17865.77,59.76,3188.14,1895.30,4399.01,4296.74,529,0
A,2021-12,18046.28,60.43,3076.19,1584.52,4337.92,4231.00,506,0
A,2022-01,18466.62,61.73,3069.95,1112.89,4221.65,4107.99,476,0
A,2022-02,18735.47,62.47,2959.49,891.25,4201.12,4085.88,453,0
A,2022-03,18891.78,63.15,2730.65,436.58,3939.31,3815.01,420,0
A,2022-04,19083.42,63.23,2775.46,459.75,3920.19,3782.37,366,0
A,2022-05,19244.80,63.89,2826.61,246.60,3823.47,3676.41,343,0
A,2022-06,19456.23,64.62,2812.04,21.06,3587.30,3420.89,295,0
A,2022-07,19818.13,65.52,2578.06,-201.72,3442.36,3259.92,251,0
A,2022-08,20354.56,67.36,2495.04,-763.72,3349.76,3155.73,236,0
A,2022-09,20860.51,69.06,2411.19,-1282.95,3341.10,3142.00,230,0
A,2022-10,20963.64,69.01,2438.61,-1660.95,3056.73,2804.33,152,0
A,2022-11,21412.22,67.29,1702.40,-871.09,3383.82,3111.36,65,0
A,2022-12,23468.75,63.15,1647.68,1580.14,5641.54,5641.54,9,0
AMG GT,2021-01,88842.76,55.49,13689.64,9440.74,28496.38,28496.38,4,0
AMG GT,2021-02,89813.86,53.84,15130.81,15130.81,30893.84,30893.84,3,0
AMG GT,2021-03,89386.16,53.58,15558.50,15558.50,30893.84,30893.84,3,0
AMG GT,2021-04,87734.59,52.53,17210.07,17210.07,30893.84,30893.84,3,0
AMG GT,2021-05,85086.18,50.87,19858.49,19858.49,30893.84,30893.84,3,0
AMG GT,2021-06,82150.20,49.05,22794.46,22794.46,30893.84,30893.84,3,0
AMG GT,2021-07,83424.05,49.81,21520.62,21520.62,30893.84,30893.84,3,0
AMG GT,2021-08,97092.40,56.82,10635.60,10635.60,33912.19,33912.19,2,0
AMG GT,2021-09,100790.31,62.67,8450.69,8450.69,48126.36,48126.36,1,0
AMG GT,2021-10,91108.38,56.65,18132.62,18132.62,48126.36,48126.36,1,0
AMG GT,2021-11,68277.45,42.45,40963.55,40963.55,48126.36,48126.36,1,0
AMG GT,2021-12,71144.86,44.24,38096.14,38096.14,48126.36,48126.36,1,0
AMG GT,2022-01,73816.48,45.90,35424.52,35424.52,48126.36,48126.36,1,0
AMG GT,2022-02,39899.39,24.81,69341.61,69341.61,48126.36,48126.36,1,0
AMG GT,2022-03,62269.96,38.72,46971.04,46971.04,48126.36,48126.36,1,0
AMG GT,2022-04,89434.32,55.61,19806.68,19806.68,48126.36,48126.36,1,0
B,2021-01,17396.69,55.59,2801.88,867.65,2385.54,854.11,531,0
B,2021-02,17134.01,54.62,2848.19,1335.13,2378.80,1217.14,474,0
B,2021-03,16865.15,53.55,2947.55,1963.80,2497.55,1630.46,407,0
B,2021-04,16665.55,52.84,3088.97,2308.17,2600.65,1995.02,360,0
B,2021-05,16609.68,52.35,3208.33,2826.81,2767.65,2419.74,316,0
B,2021-06,16655.31,52.45,3392.10,2916.92,2985.27,2728.96,281,0
B,2021-07,16624.05,52.26,3622.08,3170.56,3316.45,3134.00,244,0
B,2021-08,16873.73,53.21,3760.22,3038.36,3461.16,3302.87,225,0
B,2021-09,16954.88,53.46,3748.04,2912.26,3489.00,3325.63,218,0
B,2021-10,17136.07,53.97,3671.93,2846.67,3599.46,3443.18,203,0
B,2021-11,17415.20,54.81,3478.50,2548.59,3588.44,3418.79,187,0
B,2021-12,17663.75,55.64,3220.64,2232.66,3596.02,3415.76,176,0
B,2022-01,18452.11,58.39,3106.21,1300.26,3462.43,3268.99,164,0
B,2022-02,19196.80,59.96,2594.88,1071.70,3497.89,3327.68,143,0
B,2022-03,19378.87,60.66,2378.67,505.29,3333.82,3143.67,128,0
B,2022-04,18994.64,59.67,2539.58,254.83,3230.58,2999.07,102,0
B,2022-05,18705.76,59.16,2687.09,95.71,3122.27,2865.60,92,0
B,2022-06,18365.63,58.19,2876.18,294.43,3098.17,2799.26,79,0
B,2022-07,19049.27,59.55,2794.38,165.51,3087.98,2777.89,66,0
B,2022-08,19474.92,60.99,2804.18,-474.67,3066.17,2730.66,61,0
B,2022-09,19945.84,62.47,2899.11,-1053.74,3017.86,2670.98,59,0
B,2022-10,19362.94,60.75,3215.02,-1434.47,2892.28,2391.92,38,0
B,2022-11,19276.18,59.16,3132.55,-1337.36,2608.36,2084.52,17,0
B,2022-12,22442.57,60.81,2257.43,2257.43,4117.00,4117.00,1,0
C,2021-01,18568.85,46.63,3263.84,1951.22,2938.09,1417.96,1664,0
C,2021-02,18603.84,46.50,3332.99,2131.20,2945.45,1655.54,1558,0
C,2021-03,18683.46,46.62,3391.22,2294.76,3009.84,1843.19,1477,0
C,2021-04,18915.92,47.09,3251.50,2319.38,3101.65,2045.67,1410,0
C,2021-05,19127.75,47.52,3209.15,2432.04,3194.28,2290.44,1327,0
C,2021-06,19426.74,48.17,3198.42,2366.73,3319.02,2519.79,1243,0
C,2021-07,19735.80,48.78,3204.67,2315.31,3479.37,2731.95,1141,0
C,2021-08,20255.44,49.96,3176.84,1976.86,3571.30,2914.17,1025,0
C,2021-09,20617.51,51.00,3111.06,1591.47,3546.17,2986.13,981,0
C,2021-10,21060.39,52.16,3050.59,1184.36,3496.23,3005.06,873,0
C,2021-11,21362.49,53.13,2984.93,799.02,3476.50,2961.41,798,0
C,2021-12,21671.49,54.05,3008.44,280.39,3405.27,2861.07,755,0
C,2022-01,21869.62,54.62,3132.74,-54.20,3341.48,2776.97,706,0
C,2022-02,22286.24,55.69,3250.10,-582.89,3270.87,2686.86,667,0
C,2022-03,22238.96,55.25,3132.98,-682.41,3186.68,2530.40,583,0
C,2022-04,22111.60,54.79,3138.48,-774.46,3103.26,2391.69,505,0
C,2022-05,21482.93,52.98,2894.09,-52.87,3173.48,2438.45,458,0
C,2022-06,21308.72,52.51,2924.79,93.86,3242.70,2449.06,386,0
C,2022-07,21679.60,53.37,3050.98,-307.45,3267.00,2318.43,294,0
C,2022-08,22427.93,55.52,3251.14,-1308.55,3141.73,2111.07,266,0
C,2022-09,22964.56,56.98,3566.64,-1943.11,3067.35,2012.77,256,0
C,2022-10,22767.54,55.09,3338.11,-2157.55,2684.34,1185.12,142,0
C,2022-11,22498.87,53.43,3746.27,-1661.03,2961.39,1055.25,78,0
C,2022-12,25314.91,51.87,2206.09,2206.09,3154.49,3154.49,3,0
CLA,2021-01,18651.12,55.69,3162.43,314.22,3476.25,2495.27,584,0
CLA,2021-02,18463.20,54.98,3113.25,619.18,3556.94,2726.60,532,0
CLA,2021-03,18307.05,54.19,3124.49,1010.13,3781.95,3077.00,477,0
CLA,2021-04,18252.76,53.94,3231.57,1209.23,3926.39,3310.46,443,0
CLA,2021-05,18204.76,53.55,3326.06,1493.74,4022.28,3530.79,405,0
CLA,2021-06,18309.09,53.53,3516.53,1776.48,4219.71,3874.61,376,0
CLA,2021-07,18275.85,53.10,3552.65,2213.54,4378.37,4100.81,346,0
CLA,2021-08,18506.35,53.77,3582.29,1993.53,4440.66,4175.15,318,0
CLA,2021-09,18680.64,54.34,3693.57,1820.53,4472.01,4214.43,310,0
CLA,2021-10,19042.12,54.97,3837.79,1845.70,4653.56,4380.59,269,0
CLA,2021-11,19295.76,55.73,3931.39,1563.22,4564.19,4277.36,256,0
CLA,2021-12,19359.74,55.83,3826.50,1474.46,4522.42,4225.07,242,0
CLA,2022-01,19881.56,57.40,4053.72,1100.09,4624.74,4314.56,232,0
CLA,2022-02,20211.97,58.52,4067.35,665.87,4573.50,4268.42,220,0
CLA,2022-03,20193.42,58.53,3799.74,427.12,4458.58,4149.44,201,0
CLA,2022-04,20318.44,58.85,3888.33,350.80,4447.65,4109.30,181,0
CLA,2022-05,20207.81,58.58,3761.51,310.51,4372.36,4018.83,166,0
CLA,2022-06,20147.93,58.32,3800.97,358.16,4209.65,3814.75,146,0
CLA,2022-07,20724.26,59.68,3662.59,-242.81,4011.76,3560.86,117,0
CLA,2022-08,21059.23,61.02,3569.12,-1010.17,3793.42,3315.87,106,0
CLA,2022-09,21719.83,63.10,3891.72,-1860.03,3707.54,3216.08,103,0
CLA,2022-10,22174.30,64.37,3638.93,-2601.56,3149.26,2592.13,73,0
CLA,2022-11,21892.59,62.34,2794.07,-1871.33,3064.09,2647.71,38,0
CLA,2022-12,26594.57,67.18,1773.54,996.59,6205.06,6205.06,6,0
CLS,2021-01,35837.74,46.59,11523.27,10640.69,13308.39,13308.39,14,0
CLS,2021-02,36577.56,47.40,11072.25,10529.98,13915.18,13915.18,13,0
CLS,2021-03,36425.66,45.51,11231.47,10703.25,15263.99,15263.99,11,0
CLS,2021-04,36299.25,45.41,11140.15,10829.66,15263.99,15263.99,11,0
CLS,2021-05,37198.84,45.92,11618.97,10892.96,16115.90,16115.90,10,0
CLS,2021-06,39375.18,47.68,11252.54,10264.57,13971.50,13971.50,8,0
CLS,2021-07,40130.72,46.96,11397.29,10123.28,15028.03,15028.03,7,0
CLS,2021-08,39906.18,46.71,11432.67,10347.82,15028.03,15028.03,7,0
CLS,2021-09,40346.77,47.05,11991.08,9907.23,15028.03,15028.03,7,0
CLS,2021-10,39399.54,48.06,12433.06,12433.06,18484.05,18484.05,5,0
CLS,2021-11,39949.46,48.69,11883.14,11883.14,18484.05,18484.05,5,0
CLS,2021-12,39603.49,48.42,12229.11,12229.11,18484.05,18484.05,5,0
CLS,2022-01,39503.12,48.36,8522.13,8522.13,16405.51,16405.51,4,0
CLS,2022-02,39636.23,48.60,8389.02,8389.02,16405.51,16405.51,4,0
CLS,2022-03,37228.17,49.07,8905.49,8905.49,12934.01,12934.01,3,0
CLS,2022-04,37113.62,48.60,9020.04,9020.04,12934.01,12934.01,3,0
CLS,2022-05,37619.62,49.36,8514.05,8514.05,12934.01,12934.01,3,0
CLS,2022-06,44246.86,55.79,11053.14,11053.14,17548.44,17548.44,1,0
E,2021-01,25041.72,45.89,3906.10,2865.61,3829.42,501.84,911,0
E,2021-02,25107.95,45.78,4002.25,3135.58,3767.26,847.68,855,0
E,2021-03,25189.73,45.86,4085.45,3270.58,3717.41,1029.72,819,0
E,2021-04,25474.12,46.25,4173.11,3252.96,3677.20,1253.14,773,0
E,2021-05,25643.80,46.49,4233.32,3344.36,3660.78,1485.35,735,0
E,2021-06,25930.57,46.86,4282.04,3465.97,3686.04,1866.40,682,0
E,2021-07,26236.16,47.15,4411.56,3570.77,3763.85,2311.94,612,0
E,2021-08,26645.12,47.79,4268.96,3268.23,3804.00,2395.66,568,0
E,2021-09,27061.19,48.65,4122.60,2876.62,3773.84,2376.47,548,0
E,2021-10,27806.48,49.57,4057.98,2164.95,3772.75,2396.60,476,0
E,2021-11,28169.75,49.83,4059.32,1639.14,3842.44,2320.20,417,0
E,2021-12,28596.12,50.53,4141.99,1098.78,3850.33,2318.05,392,0
E,2022-01,29109.42,51.65,4206.84,393.86,3810.44,2226.12,378,0
E,2022-02,29594.50,52.64,4410.84,-441.26,3674.96,1998.55,357,0
E,2022-03,29431.44,52.82,4616.30,-782.18,3629.51,1902.56,313,0
E,2022-04,28548.92,51.39,3858.17,-57.39,3616.45,1793.81,267,0
E,2022-05,28265.11,50.80,3775.62,237.98,3651.56,1812.18,248,0
E,2022-06,28165.46,50.36,3401.80,80.91,3499.66,1538.78,207,0
E,2022-07,28084.02,50.07,3380.70,-82.93,3498.52,1312.02,162,0
E,2022-08,28453.80,50.86,3557.43,-1103.36,3347.63,920.17,139,0
E,2022-09,29264.01,52.36,3883.31,-1921.04,3398.31,900.95,132,0
E,2022-10,29008.78,51.98,3953.04,-2532.41,3385.28,8.25,89,0
E,2022-11,28458.48,51.50,3729.87,-2289.94,3745.20,-95.76,57,0
E,2022-12,30776.77,55.68,4488.64,-935.11,5292.77,2781.47,6,0
G,2021-01,74876.87,55.96,38146.63,38146.63,52255.33,52255.33,2,0
G,2021-02,74682.60,55.95,38340.90,38340.90,52255.33,52255.33,2,0
G,2021-03,72883.04,54.57,40140.46,40140.46,52255.33,52255.33,2,0
G,2021-04,74435.67,56.33,38587.83,38587.83,52255.33,52255.33,2,0
G,2021-05,73352.06,55.96,39671.44,39671.44,52255.33,52255.33,2,0
G,2021-06,72503.13,55.45,40520.37,40520.37,52255.33,52255.33,2,0
G,2021-07,84157.42,53.25,68321.58,68321.58,67775.99,67775.99,1,0
G,2021-08,77807.70,49.24,74671.30,74671.30,67775.99,67775.99,1,0
G,2021-09,94504.92,59.80,57974.08,57974.08,67775.99,67775.99,1,0
GLA,2021-01,19510.80,56.99,3455.84,2261.50,4301.68,4107.81,196,0
GLA,2021-02,19574.48,57.12,3479.81,2537.19,4463.08,4366.97,186,0
GLA,2021-03,19530.07,56.99,3596.27,2766.93,4577.41,4507.11,178,0
GLA,2021-04,19606.89,57.15,3687.59,2936.32,4689.69,4637.06,172,0
GLA,2021-05,19646.74,57.13,3765.18,2944.61,4859.06,4808.76,164,0
GLA,2021-06,19750.70,57.18,3911.61,3085.12,5151.79,5097.16,151,0
GLA,2021-07,20018.63,57.80,3893.92,3056.90,5348.91,5292.01,145,0
GLA,2021-08,20018.02,58.34,3980.55,3176.10,5593.88,5567.86,119,0
GLA,2021-09,20220.70,59.02,3980.58,3098.17,5816.41,5788.27,110,0
GLA,2021-10,20051.80,58.60,4207.90,3234.06,6020.17,5987.24,94,0
GLA,2021-11,20500.22,59.86,4080.28,3049.68,6100.12,6064.54,87,0
GLA,2021-12,20885.55,61.00,4096.36,2666.26,6177.50,6138.81,80,0
GLA,2022-01,20984.33,60.94,4232.10,2770.81,6212.41,6172.72,78,0
GLA,2022-02,20901.65,60.85,4066.87,2822.43,6346.04,6303.05,72,0
GLA,2022-03,21097.11,61.56,3849.94,2444.05,6154.37,6108.85,68,0
GLA,2022-04,21496.86,62.44,3583.37,2143.72,5824.30,5774.37,62,0
GLA,2022-05,20968.19,60.72,3664.36,2372.35,5786.45,5725.75,51,0
GLA,2022-06,20854.97,61.93,3436.86,1981.35,5720.25,5649.90,44,0
GLA,2022-07,21320.14,63.25,3484.41,1821.30,5853.62,5774.25,39,0
GLA,2022-08,21456.74,66.21,3226.93,868.59,5632.09,5538.29,33,0
GLA,2022-09,21459.33,66.10,3324.59,866.00,5632.09,5538.29,33,0
GLA,2022-10,21945.39,69.07,3340.14,51.27,5452.74,5333.68,26,0
GLA,2022-11,21508.40,65.67,2164.50,-410.62,3817.66,3817.66,9,0
GLA,2022-12,21613.00,74.35,1043.00,-1043.00,3654.84,3654.84,2,0
GLB,2021-01,27307.15,66.30,6574.14,6574.14,9848.55,9848.55,17,0
GLB,2021-02,27365.77,66.44,6515.52,6515.52,9848.55,9848.55,17,0
GLB,2021-03,27193.79,66.00,6671.88,6671.88,9939.88,9939.88,18,0
GLB,2021-04,27262.12,66.17,6603.55,6603.55,9939.88,9939.88,18,0
GLB,2021-05,27327.31,66.33,6538.35,6538.35,9939.88,9939.88,18,0
GLB,2021-06,27627.93,67.05,6237.74,6237.74,9939.88,9939.88,18,0
GLB,2021-07,28144.87,68.53,5827.23,5651.03,9893.29,9893.29,19,0
GLB,2021-08,28372.78,69.39,6396.81,5502.36,10283.76,10283.76,14,0
GLB,2021-09,28399.42,69.43,6271.27,5475.72,10283.76,10283.76,14,0
GLB,2021-10,28473.72,69.64,5881.98,5145.12,10207.04,10207.04,13,0
GLB,2021-11,28359.85,69.35,5859.55,5259.00,10207.04,10207.04,13,0
GLB,2021-12,27486.98,67.86,6079.81,5327.10,10200.87,10200.87,13,0
GLB,2022-01,27446.09,67.72,5818.75,5367.99,10200.87,10200.87,13,0
GLB,2022-02,27914.10,68.94,5717.17,4899.98,10200.87,10200.87,13,0
GLB,2022-03,28285.31,69.89,5393.89,4528.76,10200.87,10200.87,13,0
GLB,2022-04,28191.79,69.21,5122.42,4117.58,9945.74,9945.74,11,0
GLB,2022-05,27098.42,64.45,5843.82,5449.45,10526.70,10526.70,8,0
GLB,2022-06,26533.37,62.12,6496.38,6058.34,10767.79,10767.79,7,0
GLB,2022-07,26951.90,62.78,5904.19,5471.77,10647.02,10647.02,6,0
GLB,2022-08,27306.45,63.70,6120.90,5117.21,10647.02,10647.02,6,0
GLB,2022-09,27399.65,63.93,6105.21,5024.01,10647.02,10647.02,6,0
GLB,2022-10,25871.57,56.00,7343.68,7343.68,12371.88,12371.88,4,0
GLB,2022-11,28357.11,59.07,3733.39,3733.39,8731.50,8731.50,2,0
GLC,2021-01,30058.38,56.23,3923.18,1908.04,6098.54,5270.09,568,0
GLC,2021-02,29992.57,56.02,4033.10,2171.44,6255.71,5570.63,545,0
GLC,2021-03,29864.46,55.70,4030.10,2479.48,6416.34,5842.34,519,0
GLC,2021-04,29841.77,55.56,4048.04,2731.80,6633.82,6136.42,486,0
GLC,2021-05,29784.51,55.50,4143.99,2998.61,6703.56,6323.07,447,0
GLC,2021-06,30001.79,55.91,4077.32,2912.71,6786.34,6494.78,432,0
GLC,2021-07,30193.52,56.28,4007.61,2794.65,6849.87,6605.03,401,0
GLC,2021-08,30515.02,56.90,3924.55,2621.10,6961.07,6727.10,381,0
GLC,2021-09,30800.65,57.59,3710.62,2296.21,6979.91,6801.65,363,0
GLC,2021-10,31792.89,59.34,3673.89,1402.63,7026.25,6870.81,331,0
GLC,2021-11,32898.94,61.39,3771.71,349.94,7056.14,6903.82,299,0
GLC,2021-12,33360.91,62.28,3808.78,-184.68,6968.44,6820.52,282,0
GLC,2022-01,33376.23,62.45,3865.95,-180.90,7026.52,6870.86,268,0
GLC,2022-02,33632.43,63.00,3891.25,-529.44,6971.61,6809.93,258,0
GLC,2022-03,33780.12,63.39,4151.20,-880.94,6932.27,6771.75,236,0
GLC,2022-04,33898.08,63.69,3815.43,-1263.26,6730.02,6598.79,210,0
GLC,2022-05,33564.03,63.15,3572.23,-919.32,6758.04,6621.62,202,0
GLC,2022-06,33741.77,63.66,3654.21,-1528.18,6495.49,6355.30,173,0
GLC,2022-07,33171.09,63.12,3689.18,-1551.72,6067.25,5876.28,127,0
GLC,2022-08,33557.96,64.07,3689.96,-2016.50,5816.44,5598.02,110,0
GLC,2022-09,33618.47,64.11,3555.35,-2036.79,5856.63,5634.16,108,0
GLC,2022-10,33492.75,62.54,4202.31,-2931.00,5008.86,4692.51,61,0
GLC,2022-11,33671.64,61.43,4596.68,-3215.48,4434.89,4051.03,30,0
GLC,2022-12,34321.86,60.75,3732.36,-2382.97,4866.71,3789.10,9,0
GLE,2021-01,37120.14,49.85,9092.42,5303.14,9420.36,8689.80,113,0
GLE,2021-02,37567.93,50.49,9341.23,5171.08,9641.26,8962.81,110,0
GLE,2021-03,36826.22,49.30,9794.06,7372.39,10580.27,10243.48,98,0
GLE,2021-04,37166.78,49.45,9905.17,7439.34,10944.09,10602.03,94,0
GLE,2021-05,37060.71,49.33,10015.40,7733.63,10883.64,10537.89,93,0
GLE,2021-06,38384.32,50.81,10462.99,6911.23,11192.61,10890.13,88,0
GLE,2021-07,38756.39,51.44,10596.00,6832.55,11280.07,10970.55,86,0
GLE,2021-08,38221.05,51.45,10793.03,7866.56,12063.78,11904.01,71,0
GLE,2021-09,38508.66,52.23,10486.76,7516.39,12106.29,11939.47,68,0
GLE,2021-10,39227.65,52.05,10659.09,7553.60,12553.54,12373.48,63,0
GLE,2021-11,41891.80,54.29,12380.88,6563.69,13434.31,13228.06,55,0
GLE,2021-12,40534.85,52.74,11583.67,7847.55,13085.43,12849.10,48,0
GLE,2022-01,40637.64,52.93,11590.33,7386.92,12744.57,12497.83,43,0
GLE,2022-02,41820.88,54.65,12066.36,6968.02,13273.41,13008.17,40,0
GLE,2022-03,42654.75,55.78,12205.58,6134.15,13273.41,13008.17,40,0
GLE,2022-04,43717.14,57.40,11591.52,6092.70,13626.82,13523.32,37,0
GLE,2022-05,44097.71,58.11,11953.65,5712.40,13781.62,13675.24,36,0
GLE,2022-06,43372.68,58.17,13117.64,6955.13,14024.46,13877.17,26,0
GLE,2022-07,44308.63,59.01,13661.31,7388.02,14349.37,14182.86,23,0
GLE,2022-08,43643.05,58.73,13927.70,8176.18,14552.50,14378.43,22,0
GLE,2022-09,43004.67,57.85,12310.03,8814.56,14552.50,14378.43,22,0
GLE,2022-10,44064.49,59.23,12826.62,3641.22,12274.60,12001.05,14,0
GLE,2022-11,46342.86,61.64,12175.52,1781.14,12944.07,12561.11,10,0
GLE,2022-12,46011.39,61.72,10163.06,4088.61,12527.53,11926.50,4,0
GLS,2021-01,45321.62,45.56,6793.31,5480.71,11521.86,8180.98,3,0
GLS,2021-02,42280.28,50.37,8173.22,8173.22,14777.13,14777.13,2,0
GLS,2021-03,42504.55,50.64,7948.95,7948.95,14777.13,14777.13,2,0
GLS,2021-04,54476.57,64.90,4922.05,-4023.07,14777.13,14777.13,2,0
GLS,2021-05,52841.81,62.95,4787.41,-2388.31,14777.13,14777.13,2,0
GLS,2021-06,52517.97,62.57,4751.12,-2064.47,14777.13,14777.13,2,0
GLS,2021-07,50801.82,60.52,4805.22,-348.32,14777.13,14777.13,2,0
GLS,2021-08,50803.08,60.52,4805.98,-349.58,14777.13,14777.13,2,0
GLS,2021-09,42883.42,51.09,7570.08,7570.08,14777.13,14777.13,2,0
GLS,2021-10,38969.30,46.43,11484.20,11484.20,14777.13,14777.13,2,0
GLS,2021-11,38970.59,46.43,11482.91,11482.91,14777.13,14777.13,2,0
GLS,2021-12,43397.29,51.70,7056.21,7056.21,14777.13,14777.13,2,0
GLS,2022-01,47901.62,57.12,10299.38,10299.38,21694.95,21694.95,1,0
GLS,2022-02,47904.56,57.12,10296.44,10296.44,21694.95,21694.95,1,0
GLS,2022-03,40973.81,48.86,17227.19,17227.19,21694.95,21694.95,1,0
GLS,2022-04,42578.83,50.77,15622.17,15622.17,21694.95,21694.95,1,0
GLS,2022-05,42578.83,50.77,15622.17,15622.17,21694.95,21694.95,1,0
GLS,2022-06,42579.27,50.77,15621.73,15621.73,21694.95,21694.95,1,0
GLS,2022-07,42578.66,50.77,15622.34,15622.34,21694.95,21694.95,1,0
GLS,2022-08,42578.51,50.77,15622.49,15622.49,21694.95,21694.95,1,0
GLS,2022-09,48314.68,57.61,9886.32,9886.32,21694.95,21694.95,1,0
S,2021-01,41259.42,40.12,9403.41,5219.01,11606.63,8750.23,14,0
S,2021-02,41186.74,39.99,9938.07,5291.69,11606.63,8750.23,14,0
S,2021-03,41267.62,39.48,11833.57,9920.69,16301.98,15166.95,13,0
S,2021-04,41621.08,40.14,11534.83,10635.34,17248.25,16843.09,12,0
S,2021-05,41621.89,40.09,11672.39,10634.53,17248.25,16843.09,12,0
S,2021-06,41605.10,40.00,11306.15,10651.31,17248.25,16843.09,12,0
S,2021-07,41071.50,39.51,12067.00,11320.95,18573.91,18131.91,11,0
S,2021-08,41431.34,39.90,11877.80,10961.11,18573.91,18131.91,11,0
S,2021-09,42149.46,40.49,12550.35,11412.24,20188.20,20188.20,10,0
S,2021-10,44957.30,44.43,11912.72,9600.15,20184.65,20184.65,9,0
S,2021-11,48230.73,47.58,11999.36,6780.52,22192.08,22192.08,8,0
S,2021-12,45659.39,44.61,13707.96,9351.86,22192.08,22192.08,8,0
S,2022-01,48384.03,45.05,13922.76,6130.97,24534.90,24534.90,6,0
S,2022-02,51265.41,44.85,17794.13,2944.59,26790.29,26790.29,5,0
S,2022-03,52968.92,46.19,25636.81,3547.74,21971.86,21971.86,3,0
S,2022-04,55130.58,48.22,27409.38,1386.09,21971.86,21971.86,3,0
S,2022-05,58536.97,51.53,30580.73,-2020.30,21971.86,21971.86,3,0
S,2022-06,49709.28,47.69,22009.28,-22009.28,789.43,789.43,1,0
S,2022-07,46929.39,45.02,19229.39,-19229.39,789.43,789.43,1,0
S,2022-08,54307.10,52.10,26607.10,-26607.10,789.43,789.43,1,0
S,2022-09,64031.81,61.43,36331.81,-36331.81,789.43,789.43,1,0
S,2022-10,81333.85,78.03,53633.85,-53633.85,789.43,789.43,1,0
SLC,2021-01,25409.45,60.16,5236.69,2900.30,11206.74,11206.74,4,0
SLC,2021-02,25192.65,59.36,3703.50,3117.10,11206.74,11206.74,4,0
SLC,2021-03,30827.46,72.80,4688.61,-2517.71,11206.74,11206.74,4,0
SLC,2021-04,31444.48,74.13,3904.51,-3134.73,11206.74,11206.74,4,0
SLC,2021-05,27479.07,66.90,3843.09,-546.07,11027.84,11027.84,3,0
SLC,2021-06,29523.83,71.28,2590.83,-2590.83,11027.84,11027.84,3,0
SLC,2021-07,28191.60,68.16,2385.16,-1258.60,11027.84,11027.84,3,0
SLC,2021-08,28017.19,60.96,2939.81,2939.81,14627.00,14627.00,1,0
SLC,2021-09,28670.91,62.38,2286.09,2286.09,14627.00,14627.00,1,0
SLC,2021-10,33372.70,72.61,2415.70,-2415.70,14627.00,14627.00,1,0
